{"cameraMode":{"drawMode":0,"name":"Shaded","section":"Shading Mode"},"sceneLighting":true,"audioPlay":false,"sceneViewState":{"showFog":true,"showMaterialUpdate":false,"showSkybox":true,"showFlares":true,"showImageEffects":true,"showParticleSystems":true},"in2DMode":false,"pivot":{"x":-2.034512996673584,"y":-0.686485767364502,"z":0.6848424673080444},"rotation":{"x":-0.18828395009040833,"y":0.5756637454032898,"z":-0.13832052052021027,"w":-0.7835993766784668},"size":6.802825927734375,"orthographic":false}